Daily_Distance_Travelled_km,Transport_Mode,Electricity_Usage_kWh,Food_Type,Flights_Per_Month,Home_Heating_Type,Carbon_Emission_kg_per_day
24.96714153011233,Train,9.723611567339264,Non-Vegetarian,1,Oil,21.85
18.617356988288154,Petrol Car,3.84661966154974,Mixed,0,Oil,12.62
26.476885381006923,Bus,5.300775626444393,Non-Vegetarian,0,None,9.88
35.23029856408026,Bicycle,6.523325945392958,Mixed,2,Electric,24.19
17.65846625276664,Bus,8.294818660383212,Non-Vegetarian,0,Oil,13.7
17.658630430508193,Bus,5.391552237656372,Vegetarian,0,None,5.02
35.79212815507391,Electric Car,8.397282743982103,Vegetarian,1,Electric,16.08
27.674347291529088,Petrol Car,2.1252753670470805,Non-Vegetarian,2,Electric,30.7
15.305256140650478,Electric Car,3.493303613756228,Vegetarian,0,None,3.58
25.425600435859646,Petrol Car,6.697288688668442,Mixed,0,Electric,12.65
15.365823071875377,Petrol Car,3.1783510038242495,Vegetarian,0,None,5.81
15.342702464297432,Diesel Car,3.6510589464665664,Non-Vegetarian,0,Oil,14.38
22.419622715660342,Train,4.944446271508122,Non-Vegetarian,0,None,8.27
0.8671975534220202,Diesel Car,7.542877983831648,Mixed,1,Electric,16.29
2.750821674869673,Train,2.2080703173854217,Non-Vegetarian,0,Oil,10.65
14.377124707590273,Electric Car,6.340596724324788,Mixed,2,Oil,26.86
9.871688796655762,Train,8.065927894305611,Vegetarian,0,Gas,7.37
23.14247332595274,Electric Car,5.6101095831420835,Vegetarian,0,Gas,7.46
10.91975924478789,Bus,5.26233954081492,Mixed,1,Electric,16.65
5.876962986647085,Bus,6.803542565117147,Mixed,1,None,14.51
34.65648768921554,Train,5.6157778945571195,Non-Vegetarian,1,None,17.37
17.742236995134643,Train,8.780999562481494,Vegetarian,0,Electric,6.93
20.67528204687924,Electric Car,3.77717397573113,Mixed,0,Oil,9.91
5.752518137865433,Diesel Car,5.89671168966983,Vegetarian,0,Electric,6.7
14.556172754748173,Electric Car,6.411372749921369,Mixed,0,Electric,8.22
21.10922589709866,Diesel Car,5.243091896307081,Vegetarian,2,Oil,28.74
8.490064225776973,Bus,0.2574346740850775,Non-Vegetarian,0,None,6.91
23.75698018345672,Petrol Car,5.678190183901615,Vegetarian,0,Electric,10.07
13.99361310081195,Train,7.800353973824933,Vegetarian,0,None,4.52
17.083062502067232,Diesel Car,7.556218372252035,Vegetarian,0,Electric,9.69
13.982933877706031,Electric Car,6.709556964340399,Vegetarian,1,Oil,16.6
38.522781845089376,Bus,3.804275283301553,Vegetarian,0,Oil,10.74
19.865027752620662,Diesel Car,6.790618924916967,Non-Vegetarian,0,Gas,15.15
9.422890710440996,Electric Car,4.853124356915524,Mixed,2,Oil,26.27
28.22544912103189,Train,6.706965811897334,Vegetarian,1,Gas,16.31
7.791563500289778,Train,6.243010022803431,Non-Vegetarian,0,Electric,9.84
22.088635950047554,Bicycle,4.0472494574332565,Vegetarian,1,None,11.28
0.40329876120224384,Petrol Car,4.215088321286193,Vegetarian,0,Oil,7.06
6.7181395110156945,Bicycle,6.710044908843033,Mixed,0,Oil,9.56
21.968612358691235,Bus,5.557773809422996,Vegetarian,0,Oil,9.49
27.384665799954107,Diesel Car,4.319437138685742,Non-Vegetarian,0,Electric,15.3
21.713682811899705,Bus,4.154339620546334,Non-Vegetarian,0,Gas,12.14
18.843517176117594,Electric Car,5.392338304027568,Mixed,1,Electric,16.53
16.988963044107113,Train,9.136209589436419,Vegetarian,0,None,4.98
5.214780096325725,Bicycle,4.947843935576082,Non-Vegetarian,0,Electric,9.15
12.801557916052914,Bicycle,5.971960923484823,Vegetarian,0,None,3.39
15.393612290402125,Bicycle,6.203288575379021,Vegetarian,0,Oil,7.45
30.571222262189156,Bus,3.737947217016114,Vegetarian,0,None,5.93
23.436182895684613,Train,2.4743350323146096,Mixed,0,None,5.75
2.3695984463726596,Diesel Car,3.946718530528538,Vegetarian,0,Gas,6.46
23.24083969394795,Electric Car,6.494154755612606,Non-Vegetarian,0,None,8.68
16.149177195836835,Diesel Car,6.174662115830818,Vegetarian,0,None,7.15
13.230779996940413,Bus,7.4048131383021305,Non-Vegetarian,0,Electric,11.05
26.11676288840868,Electric Car,6.193499789918233,Vegetarian,0,Oil,8.75
30.309995224959508,Bicycle,5.780901417061593,Non-Vegetarian,0,Electric,9.35
29.312801191161988,Petrol Car,4.791975450149746,Non-Vegetarian,1,Electric,23.31
11.607824767773614,Bus,7.769213579725386,Vegetarian,0,Oil,8.97
16.907876241487855,Bus,4.161639722558567,Vegetarian,0,Oil,8.66
23.31263431403564,Train,3.7792009654079584,Non-Vegetarian,1,None,16.38
29.755451271223592,Diesel Car,7.134111034776206,Mixed,1,None,20.84
15.208257621547101,Bus,3.33368537869269,Vegetarian,0,Gas,7.3
18.143410233361827,Bus,10.829581997317263,Mixed,1,Electric,18.67
8.936650259939718,Bicycle,6.159986761118287,Vegetarian,0,Oil,7.44
8.037933759193292,Bicycle,6.695812232649771,Vegetarian,0,None,3.56
28.12525822394198,Electric Car,4.383160350953226,Vegetarian,0,Oil,8.43
33.56240028570823,Petrol Car,5.369470311516907,Vegetarian,1,None,18.3
19.27989878419666,Train,5.146485766235292,Mixed,1,Gas,17.5
30.03532897892024,Petrol Car,4.916330024662717,Vegetarian,0,Gas,12.15
23.61636025047634,Electric Car,7.265923503019653,Non-Vegetarian,0,Oil,12.87
13.548802453948756,Bicycle,5.100847923549438,Non-Vegetarian,0,Gas,10.19
23.613956055084138,Diesel Car,8.035002458168362,Mixed,1,Oil,23.64
35.38036566465969,Bicycle,11.326364700239647,Vegetarian,0,None,4.64
19.641739608900483,Train,5.408917519706902,Non-Vegetarian,1,Electric,18.58
35.64643655814006,Bicycle,6.304631027153248,Mixed,1,Gas,16.8
0.0,Train,6.758964114331015,Vegetarian,0,None,3.57
28.21902504375224,Train,9.623009625187034,Non-Vegetarian,0,Electric,11.65
20.87047068238171,Train,5.834704429923622,Non-Vegetarian,0,Electric,10.4
17.009926495341325,Electric Car,4.341966160683275,Mixed,0,Electric,7.86
20.917607765355022,Train,3.4673189887485916,Vegetarian,1,None,12.19
0.12431085399107289,Train,5.884032105135532,Vegetarian,1,None,11.71
17.80328112162488,Diesel Car,5.103239561892235,Non-Vegetarian,0,Oil,15.28
23.571125715117464,Petrol Car,10.020018578600002,Non-Vegetarian,0,Electric,15.05
34.77894044741516,Bus,9.539724841353932,Non-Vegetarian,0,Electric,13.7
14.817297817263526,Petrol Car,3.931254344152804,Vegetarian,1,Electric,16.21
11.915063971068124,Train,4.578479792901643,Mixed,0,Oil,9.66
14.982429564154636,Diesel Car,6.147540215773772,Mixed,0,Electric,10.88
29.15402117702074,Bicycle,8.794452845117526,Vegetarian,1,None,12.38
23.287511096596845,Diesel Car,6.114026272742103,Mixed,0,Electric,12.78
14.702397962329613,Train,4.705518724023907,Non-Vegetarian,0,Gas,10.83
25.13267433113356,Diesel Car,5.88223638019455,Mixed,0,None,11.15
20.970775493480403,Diesel Car,4.743030272207907,Mixed,0,Oil,13.93
29.686449905328892,Train,7.204954418878964,Mixed,0,Electric,9.16
12.979469061226476,Electric Car,4.58193257667059,Non-Vegetarian,1,Gas,19.05
16.723378534022316,Diesel Car,4.979127895146066,Vegetarian,2,Oil,27.67
16.078918468678424,Bus,8.323867626912193,Non-Vegetarian,0,Oil,13.55
5.364850518678814,Bus,4.463270105371856,Vegetarian,0,None,3.58
22.961202770645762,Diesel Car,3.1077439348796756,Vegetarian,1,Oil,20.34
22.610552721798893,Electric Car,6.189987502712609,Vegetarian,0,Oil,8.57
20.051134566424608,Bicycle,5.279053191590808,Mixed,1,Oil,17.56
17.654128666248532,Train,7.022831001859908,Mixed,0,Oil,10.52
5.846292579495858,Bus,6.63494386946218,Vegetarian,0,Electric,6.13
15.79354677234641,Bicycle,5.936163010713276,Vegetarian,0,Electric,5.38
16.572854834732304,Diesel Car,5.877913149060008,Mixed,0,Electric,11.18
11.97722730778381,Bicycle,4.52828310135433,Non-Vegetarian,0,Electric,9.06
18.38714288333991,Petrol Car,6.166694141986485,Vegetarian,0,Gas,10.11
24.040508568145384,Bus,7.762569562865537,Non-Vegetarian,0,Electric,12.21
38.8618590121053,Diesel Car,4.053106517201048,Mixed,0,Oil,17.88
21.74577812831839,Train,5.9892052472769315,Vegetarian,0,Electric,6.48
22.57550390722764,Electric Car,8.076777511469224,Non-Vegetarian,0,Electric,11.01
19.255540842338327,Diesel Car,7.010848186433399,Non-Vegetarian,1,None,20.4
0.8122878470095856,Train,8.618945792701426,Non-Vegetarian,1,Oil,20.38
19.73486124550783,Electric Car,4.863715340331331,Mixed,0,Electric,8.12
20.602302099410263,Electric Car,2.338463103210268,Mixed,0,Electric,7.57
44.63242112485286,Diesel Car,6.401303607911374,Non-Vegetarian,0,Electric,19.76
18.076390352188774,Bicycle,6.7251416300529705,Non-Vegetarian,0,Gas,10.57
23.015473423336125,Bicycle,8.73684390894535,Mixed,1,Electric,16.37
19.652882302947567,Electric Car,8.376291469413967,Non-Vegetarian,0,None,8.93
8.31321962380468,Bicycle,7.073487246024923,Non-Vegetarian,3,Oil,36.65
31.428228145150207,Petrol Car,7.530780428340868,Mixed,0,Oil,16.04
27.519330326867742,Electric Car,5.616357083586721,Non-Vegetarian,0,Electric,10.68
27.91031947043047,Electric Car,3.5617707773615668,Non-Vegetarian,0,Electric,10.23
10.90612545205261,Train,6.23544243476182,Non-Vegetarian,0,Electric,10.0
34.02794310936099,Bicycle,7.965146927255555,Mixed,0,Oil,9.86
5.981489372077192,Electric Car,7.312721739657097,Non-Vegetarian,1,Oil,20.34
25.868570938002705,Petrol Car,7.66761467831873,Mixed,1,Gas,22.29
41.90455625809979,Train,5.144488625906496,Mixed,0,None,7.29
10.094636748693116,Diesel Car,5.468906323963153,Vegetarian,1,Gas,16.93
14.33702270397228,Electric Car,6.966850976229207,Vegetarian,0,None,4.34
20.996513650876413,Petrol Car,4.906985210982491,Non-Vegetarian,1,Gas,22.68
14.965243458838007,Bus,4.968565860133996,Mixed,1,Oil,18.99
4.493365689338674,Petrol Car,6.595964472754903,Vegetarian,0,Gas,7.44
20.685629748060272,Petrol Car,7.521809486313815,Non-Vegetarian,0,None,11.89
9.376962862738951,Train,5.600942653341183,Vegetarian,0,Electric,5.77
24.735924306351816,Diesel Car,3.6736210778927223,Vegetarian,0,None,8.55
10.80575765766197,Bus,4.528392169914341,Mixed,1,Electric,16.47
35.499344050175395,Bicycle,6.407344169786197,Mixed,1,Oil,17.83
12.167467076637628,Bicycle,6.38304192773193,Vegetarian,1,None,11.82
16.779384837943244,Petrol Car,6.482476275310696,Vegetarian,1,Gas,18.2
28.135172173696695,Train,7.042590581191512,Mixed,1,None,15.38
7.691356835660448,Train,6.0116211170849,Non-Vegetarian,0,Electric,9.79
22.274599346041295,Bicycle,6.530112089680624,Mixed,1,Oil,17.85
33.07142754282428,Bus,5.909946354342266,Vegetarian,0,Gas,9.68
3.9251676543877245,Diesel Car,8.297466965858877,Non-Vegetarian,0,None,8.84
21.846338585323043,Bus,8.864684062435003,Vegetarian,0,Electric,8.25
22.598827942484235,Electric Car,3.621977435239931,Non-Vegetarian,0,Gas,10.97
27.818228717773103,Electric Car,5.489496115795493,Vegetarian,1,Oil,17.0
7.6304928912191805,Diesel Car,6.065448983081415,Non-Vegetarian,2,Gas,28.83
6.795433869157236,Bicycle,5.466170575971358,Non-Vegetarian,3,Oil,36.27
25.219415656168977,Diesel Car,9.585845182661746,Vegetarian,1,Gas,21.37
22.96984673233186,Train,6.447910556179469,Non-Vegetarian,0,None,8.65
22.504928503458764,Electric Car,4.389256345899312,Mixed,1,Electric,16.48
23.464482094969757,Petrol Car,7.192884679121342,Vegetarian,0,None,8.37
13.199752784215093,Petrol Car,6.541949077692386,Mixed,0,None,8.16
22.322536971610035,Bicycle,6.608385839106843,Vegetarian,1,Oil,15.87
22.93072473298681,Train,9.61575231759838,Non-Vegetarian,1,Oil,21.72
12.85648581973632,Bus,6.701570351509618,Non-Vegetarian,0,Oil,12.85
38.65774511144757,Train,5.392676952252008,Non-Vegetarian,0,None,9.19
24.738329209117875,Petrol Car,2.089447147379798,Vegetarian,0,Gas,10.43
8.086965027973514,Petrol Car,5.669201963712976,Mixed,2,Gas,26.6
26.565536086338298,Electric Car,8.611939834654377,Mixed,0,None,7.33
10.253183297726785,Train,5.817661760887626,Vegetarian,0,None,3.87
27.87084603742452,Train,1.5199002029609936,Vegetarian,2,Electric,22.41
31.58595579007404,Petrol Car,5.003275215615107,Mixed,0,Oil,15.48
11.793176816482895,Bus,7.985377077825584,Mixed,0,Oil,11.04
29.633761292443218,Bicycle,7.09163434912403,Mixed,1,None,13.99
24.12780926936498,Bicycle,4.320238206978529,Mixed,0,None,5.01
28.2206015999449,Train,4.869430447201836,Vegetarian,0,Gas,7.55
38.967929826539475,Bicycle,5.178582681795167,Vegetarian,1,None,11.54
17.546118839971296,Petrol Car,4.67457245627414,Non-Vegetarian,0,Gas,13.6
12.462638356425105,Petrol Car,1.9406522645208355,Mixed,0,None,6.94
11.104855703744768,Train,7.527182201239712,Non-Vegetarian,0,Electric,10.31
11.841897150345616,Train,8.514119913378186,Vegetarian,0,Electric,6.58
19.22898290585896,Electric Car,2.9631021120705197,Vegetarian,2,Gas,23.32
23.411519748166437,Train,8.487705865172629,Non-Vegetarian,1,Oil,21.48
22.76690799330019,Bus,5.793953597205569,Mixed,1,Electric,17.96
28.27183249036024,Bicycle,8.450264696335749,Mixed,2,Gas,25.64
20.13001891877907,Train,6.075900872580892,Mixed,0,None,6.42
34.53534077157317,Diesel Car,6.27108918431726,Mixed,0,None,13.4
17.35343166762044,Electric Car,6.744869293964426,Non-Vegetarian,0,Gas,11.44
47.20169166589619,Diesel Car,4.419867349729444,Non-Vegetarian,0,Oil,21.89
26.25667347765006,Petrol Car,8.389348288656043,Vegetarian,2,Gas,28.87
11.428424435837174,Bicycle,3.7572387238504303,Mixed,0,Gas,7.88
9.291075019388877,Train,5.195866510966659,Mixed,0,Electric,7.68
24.824724152431852,Diesel Car,7.0485293552863375,Mixed,1,Gas,22.69
17.76537214674149,Bicycle,4.981609519029073,Non-Vegetarian,0,Gas,10.16
27.14000494092092,Petrol Car,7.555062481629888,Mixed,0,None,11.19
24.73237624573545,Bus,8.751732346367913,Non-Vegetarian,0,Electric,12.51
19.27171087343127,Electric Car,8.025092002107673,Mixed,0,None,6.83
11.53206281931595,Bicycle,2.127769372642757,Mixed,1,None,12.83
4.8515277531413545,Bicycle,6.251693939238715,Vegetarian,1,Oil,15.79
15.534850479329789,Bus,8.057365221392784,Mixed,1,Oil,19.76
28.56398794323472,Bicycle,3.366502306355886,Mixed,0,Electric,6.78
22.14093744130204,Petrol Car,7.44722117445775,Vegetarian,0,Electric,10.16
7.542612212880119,Petrol Car,7.334921563278624,Non-Vegetarian,0,Oil,13.22
21.73180925851182,Bus,3.5758202161234696,Non-Vegetarian,1,Oil,21.34
23.853173797288367,Electric Car,7.668465331480322,Mixed,1,Oil,19.31
11.16142563798867,Train,6.54539558705987,Non-Vegetarian,1,Oil,20.42
21.53725105945528,Diesel Car,7.300763577442537,Mixed,1,Oil,22.99
20.58208718446,Train,4.067375228469735,Vegetarian,0,None,3.98
8.570297021693769,Bicycle,6.30027223274277,Vegetarian,1,Electric,13.8
23.577873603482832,Diesel Car,2.5902428917353526,Mixed,0,None,10.03
25.607845263682343,Bus,1.446017584933898,Vegetarian,0,None,4.9
30.83051243175277,Bus,6.2816568530555,Vegetarian,0,Gas,9.55
30.53802052034903,Electric Car,8.20119521352262,Mixed,0,None,7.44
6.223306320429089,Diesel Car,6.505873628530161,Mixed,0,Oil,10.95
10.621749600848773,Petrol Car,5.873107872111708,Vegetarian,0,Oil,9.49
25.150352672086598,Diesel Car,5.624931759890253,Non-Vegetarian,1,Gas,24.43
25.137859509122087,Bicycle,4.114869217113869,Non-Vegetarian,2,Gas,26.63
25.15047686306048,Petrol Car,5.556278192409388,Mixed,0,Gas,13.32
58.52731490654721,Bus,6.843368936528889,Mixed,0,Gas,14.45
25.70890510693167,Diesel Car,5.129555534398743,Non-Vegetarian,0,Gas,16.11
31.355656401805987,Train,7.501173707671553,Vegetarian,1,None,13.65
29.540017634932024,Electric Car,6.391950067729205,Non-Vegetarian,0,Gas,11.97
26.51391251305798,Train,6.633958835546813,Non-Vegetarian,0,None,8.87
16.847307553596544,Electric Car,7.777325507101921,Non-Vegetarian,0,Electric,10.65
27.589692204932675,Bicycle,4.946489134690019,Non-Vegetarian,1,Gas,18.49
12.271747854624282,Train,7.318761172373903,Mixed,1,Gas,17.65
17.63181393259991,Diesel Car,5.227046565496051,Mixed,0,None,9.27
15.146364521708964,Diesel Car,6.67902896763768,Vegetarian,1,Electric,17.37
20.818741393863224,Train,4.708457298726863,Vegetarian,3,None,29.14
43.146585666735085,Diesel Car,4.178592353870536,Vegetarian,0,None,12.9
1.3273480740825185,Bicycle,6.183729491296988,Vegetarian,1,Gas,14.77
26.862601903745134,Petrol Car,2.2295998959577656,Non-Vegetarian,3,Oil,40.89
3.8728412881034835,Bicycle,5.407465112982236,Mixed,0,Oil,9.26
15.280681342105666,Electric Car,2.787245988781639,Mixed,2,None,22.08
30.88950596967366,Bicycle,7.558468068627215,Vegetarian,1,Gas,15.09
20.642800190954627,Electric Car,8.100221192217829,Vegetarian,0,Electric,6.92
9.22255222070694,Diesel Car,4.272097557158388,Non-Vegetarian,0,Oil,13.12
12.846962907400318,Petrol Car,6.856625924946993,Non-Vegetarian,1,Electric,20.5
26.795977489346757,Diesel Car,7.798271427374984,Vegetarian,0,Oil,13.98
12.696333682828634,Bus,7.804938445003566,Mixed,0,Gas,10.09
22.164585895819748,Diesel Car,6.428901667943283,Mixed,1,None,18.93
20.455718399038137,Electric Car,7.468609351122994,Mixed,0,Electric,8.76
13.48399652394183,Diesel Car,4.701337376159212,Vegetarian,0,Electric,8.2
41.439440893253256,Diesel Car,6.16624493131336,Mixed,0,None,14.97
26.33919022318011,Petrol Car,5.065793186418448,Non-Vegetarian,0,Electric,14.45
0.0,Diesel Car,4.532424052429272,Non-Vegetarian,0,Oil,11.06
21.864543147694278,Petrol Car,6.072126782939255,Vegetarian,0,None,7.79
13.38213535231612,Train,6.695060752316149,Non-Vegetarian,2,Oil,28.9
28.52433334796224,Bus,8.327017535909974,Vegetarian,1,Oil,19.13
12.074792615672994,Petrol Car,6.5303110545977745,Mixed,1,Gas,19.27
18.85263558533101,Electric Car,7.283861069923102,Mixed,0,Oil,10.64
25.04987278980457,Train,7.306566346499076,Mixed,0,Gas,9.95
28.657551941701215,Petrol Car,11.37506873139392,Non-Vegetarian,0,Electric,16.38
7.997035929442237,Petrol Car,2.3799351934548416,Vegetarian,0,Electric,6.15
16.654987641590516,Bus,4.624132266325645,Mixed,1,Gas,18.08
15.250546888390438,Electric Car,8.948112104976161,Vegetarian,0,Oil,8.85
13.466707674262882,Bicycle,5.295973850293052,Mixed,0,None,5.23
37.65454240281097,Bicycle,7.771606275203439,Non-Vegetarian,0,None,7.81
24.049817109609556,Petrol Car,6.460019047525673,Non-Vegetarian,0,Gas,15.32
7.391160456649548,Diesel Car,10.210404802416022,Vegetarian,0,Electric,8.08
29.17861947054776,Electric Car,3.773891145872576,Non-Vegetarian,1,Electric,18.67
41.22156197012633,Train,8.443601105037626,Non-Vegetarian,0,None,10.03
30.324652605511467,Diesel Car,9.499162610544998,Vegetarian,1,Gas,22.52
4.806300340459867,Diesel Car,3.971162245664001,Mixed,1,None,14.36
15.157659271337486,Electric Car,7.565740487162692,Non-Vegetarian,0,Oil,12.52
32.669111491866225,Petrol Car,4.0690040283418885,Vegetarian,0,Oil,13.48
12.923305343812192,Petrol Car,6.0603231450702495,Non-Vegetarian,0,Gas,13.0
24.438194281462284,Petrol Car,5.486824139635653,Non-Vegetarian,0,Gas,15.17
27.746340534293367,Petrol Car,1.1944921302006257,Non-Vegetarian,0,Oil,15.83
10.73069528421917,Bicycle,6.848468519423798,Non-Vegetarian,0,Electric,9.6
19.404746439382,Petrol Car,6.2866783352124616,Vegetarian,0,Gas,10.35
0.0,Bicycle,8.958157946811522,Vegetarian,0,Oil,8.09
9.756123586657102,Bicycle,7.222287309299086,Vegetarian,1,Oil,16.02
17.474318486068398,Petrol Car,10.581767848157526,Non-Vegetarian,0,Electric,13.96
7.522168180351505,Bus,6.214084764157428,Non-Vegetarian,0,Electric,10.2
36.32411303931635,Train,5.7889398959953855,Non-Vegetarian,1,Electric,19.5
5.698586220393674,Diesel Car,5.631286698565808,Vegetarian,1,Electric,14.96
15.599555133030162,Bicycle,5.120822577936453,Non-Vegetarian,1,None,15.53
21.307405772860914,Electric Car,1.5844981672348624,Mixed,0,Electric,7.43
34.412732890661154,Electric Car,5.5596107459840844,Non-Vegetarian,0,None,9.02
5.641378488205607,Train,1.8642905471280153,Mixed,0,Gas,7.72
31.631637521549596,Electric Car,6.904066689171538,Non-Vegetarian,0,Oil,13.19
20.10233061019587,Bus,3.5198794150588313,Vegetarian,0,None,4.83
10.18491348952049,Electric Car,4.21133475382316,Non-Vegetarian,2,Gas,27.16
24.62103474263271,Diesel Car,4.661179610334896,Mixed,0,Gas,13.75
21.990596955734702,Diesel Car,5.590129924373509,Mixed,0,None,10.36
13.997831228412053,Bicycle,6.013736509878074,Non-Vegetarian,1,Gas,18.73
20.69802084990019,Petrol Car,8.168959166146141,Mixed,1,Gas,21.38
16.1468640313824,Bus,4.844939812984892,Mixed,0,None,6.74
21.13517345251248,Bicycle,6.96029227244474,Vegetarian,0,Gas,6.62
26.621306745210468,Bus,11.461734466447135,Non-Vegetarian,1,Electric,21.67
35.86016816145352,Petrol Car,6.754701405526459,Non-Vegetarian,0,Electric,16.75
7.621845011731509,Electric Car,5.639020422136732,Non-Vegetarian,1,Oil,20.03
41.330333746562665,Electric Car,4.4416966961434055,Mixed,1,Gas,18.43
0.47912200477498246,Petrol Car,5.611336909159343,Non-Vegetarian,1,Oil,19.74
18.482149049644168,Bicycle,4.227559312781189,Non-Vegetarian,0,Electric,8.99
25.883172064845766,Petrol Car,6.537322853367545,Vegetarian,1,Electric,19.03
22.809918677350325,Train,6.207088277278786,Vegetarian,0,Electric,6.59
13.773004801794063,Diesel Car,1.6755615581644134,Vegetarian,0,Gas,8.56
17.918777496427246,Bicycle,5.962883988467865,Mixed,0,Gas,8.39
15.069990653411672,Bus,8.152292625280026,Non-Vegetarian,1,Electric,19.74
14.106352430557884,Train,5.201776295594501,Vegetarian,0,Oil,7.92
28.496020970210246,Bicycle,4.694206455176876,Vegetarian,0,Oil,7.09
23.570154859650472,Petrol Car,3.244598453766295,Vegetarian,0,None,7.47
13.070904047393459,Petrol Car,2.284015916751191,Non-Vegetarian,0,Electric,11.15
28.995998754332508,Petrol Car,7.662698534126509,Non-Vegetarian,2,Oil,34.25
23.072995208766095,Petrol Car,5.637043340841608,Non-Vegetarian,0,Electric,13.93
28.1286211883896,Bus,7.544043124006846,Mixed,0,Oil,12.57
26.29628841923612,Train,9.062647489158937,Mixed,0,None,7.43
11.710049890779278,Electric Car,7.842495369820691,Vegetarian,0,None,4.41
14.398189598030305,Diesel Car,4.915255357122408,Non-Vegetarian,0,Electric,12.46
27.47293605123262,Bus,6.289735329315111,Vegetarian,0,Oil,10.21
26.103702654334647,Bus,4.770454269686163,Non-Vegetarian,0,Gas,12.72
19.790984060358518,Electric Car,4.5834230747966735,Non-Vegetarian,1,None,16.39
21.17327383308782,Electric Car,6.685630324805247,Non-Vegetarian,0,Electric,10.62
32.77664895788425,Diesel Car,4.335412233763655,Mixed,0,Electric,14.55
14.0842861116417,Diesel Car,1.5816967618225979,Mixed,0,Oil,11.61
25.47097381170038,Electric Car,4.2237042085452465,Non-Vegetarian,1,Electric,18.59
17.97807347566106,Petrol Car,5.386237702625254,Vegetarian,0,None,6.85
17.823187967727797,Bus,9.042796995663844,Non-Vegetarian,0,Electric,11.89
30.9877685198719,Bicycle,5.0181251002572695,Non-Vegetarian,0,Electric,9.17
28.2541634898803,Diesel Car,7.02384818205855,Vegetarian,0,Gas,13.14
28.135096360006386,Diesel Car,5.663383532075861,Non-Vegetarian,2,Gas,33.46
33.05478807154329,Electric Car,8.452810287740768,Vegetarian,0,None,5.62
20.210038416327592,Train,8.314192770927917,Mixed,1,Oil,19.28
26.819529712949638,Bicycle,8.35235021047984,Mixed,0,Gas,8.95
16.89733243406544,Bicycle,2.5320329411652946,Vegetarian,1,Oil,14.92
23.241663524884423,Diesel Car,6.413448094489989,Mixed,0,None,10.84
18.698569456323153,Petrol Car,7.517877200243896,Mixed,1,Gas,20.82
20.969959649927183,Train,6.763077125178662,Vegetarian,0,Oil,8.62
25.951570254369138,Bicycle,7.273192651643658,Mixed,0,Gas,8.69
11.817793167665275,Diesel Car,6.116702008570955,Non-Vegetarian,3,None,35.14
40.92387275685461,Bicycle,4.510431586546946,Non-Vegetarian,0,None,7.05
9.93982618500298,Train,2.6058052300274963,Vegetarian,0,Gas,6.1
7.858113872122679,Train,4.708861142703049,Mixed,0,Oil,9.49
31.581108735000676,Bus,11.356219747276786,Non-Vegetarian,0,Electric,13.8
27.91662693962936,Electric Car,5.028697647818656,Non-Vegetarian,0,Electric,10.57
26.24119817052155,Electric Car,2.0812195478185123,Mixed,0,Gas,8.8
26.2834550926428,Diesel Car,7.465298721458165,Mixed,1,Oil,24.12
19.877532271530853,Train,7.710920017365289,Non-Vegetarian,0,Electric,10.79
11.027456285141685,Bus,8.57464878030428,Non-Vegetarian,0,None,9.1
20.758045581937264,Bus,6.941957007413561,Vegetarian,2,Oil,26.36
13.228382884878883,Bicycle,7.691203028933903,Vegetarian,1,Electric,14.13
29.751197334177512,Bicycle,9.680434269683982,Non-Vegetarian,0,Oil,12.26
18.529426184978615,Bus,4.50905301587577,Vegetarian,0,Gas,7.9
11.745028032074885,Bicycle,4.112298589152565,Non-Vegetarian,0,Oil,10.96
16.786141583470066,Train,3.8108269208941423,Non-Vegetarian,0,Electric,9.73
24.129314542756244,Petrol Car,5.468460827012034,Vegetarian,0,Gas,11.1
14.362754471960253,Train,8.866844839650337,Vegetarian,3,Oil,33.78
11.777796044335686,Bus,7.05613673549247,Mixed,1,None,15.16
22.436872114919122,Bus,6.977383905418436,Mixed,0,Electric,9.87
22.449665711087228,Train,2.361384142670553,Mixed,1,Gas,17.01
14.930568246288702,Bicycle,4.6136263455271616,Non-Vegetarian,0,Oil,11.07
15.289616943816771,Bicycle,2.3286847342759263,Vegetarian,1,None,10.88
22.320499373576364,Electric Car,8.342491578643088,Non-Vegetarian,0,Electric,11.06
5.519156585026758,Bus,9.171292985771466,Vegetarian,1,None,13.02
5.925362256234447,Diesel Car,7.559133454480763,Non-Vegetarian,0,Oil,13.12
12.81555778747564,Electric Car,4.02642790852091,Mixed,0,Oil,9.58
17.865528482881526,Bicycle,8.964044987231581,Mixed,1,Gas,17.42
23.109075655980046,Train,5.49349017994958,Mixed,1,None,14.77
34.753562169495524,Bicycle,3.571081438494677,Non-Vegetarian,0,Gas,9.83
28.576596232020194,Train,4.071191490776616,Vegetarian,1,Electric,14.71
18.40061470036573,Electric Car,5.139686728816327,Vegetarian,1,Gas,15.45
19.809837920973113,Bus,6.099157040969414,Mixed,1,Electric,17.74
9.974706353621912,Bicycle,5.677311576696413,Mixed,0,Oil,9.32
19.8148686400761,Train,3.1746631636579457,Mixed,0,Oil,9.73
17.113413610798617,Bus,8.426632818371283,Mixed,0,None,7.67
23.227185603380896,Diesel Car,5.698788161126314,Vegetarian,1,Electric,19.0
11.72769056447677,Train,4.572492287458698,Non-Vegetarian,0,Oil,11.65
25.193465142411725,Electric Car,8.220604723965529,Non-Vegetarian,0,None,9.18
35.32738913002578,Diesel Car,3.6331876234669376,Non-Vegetarian,0,None,14.97
18.912398515431423,Diesel Car,2.7422196328509707,Non-Vegetarian,1,Gas,22.32
24.017117220989412,Petrol Car,8.544974893197478,Mixed,1,None,19.13
26.901439917111126,Bicycle,9.782775699100679,Mixed,1,Oil,18.61
15.987795281141636,Train,5.075807962697203,Mixed,2,Gas,25.65
22.24092481810417,Diesel Car,5.9080599841657095,Non-Vegetarian,0,Electric,14.49
20.12592400781795,Petrol Car,3.706670570958193,Mixed,1,Electric,19.22
20.97676098548832,Electric Car,6.010985100486787,Mixed,1,Oil,18.78
12.269902161445335,Bus,5.048589472537606,Vegetarian,0,Oil,8.4
20.245101742589426,Train,5.795743119930002,Vegetarian,1,Gas,15.7
24.979982912454496,Diesel Car,6.818516775194485,Mixed,1,Gas,22.67
34.51143607795042,Bicycle,3.8037090439383068,Vegetarian,0,Oil,6.89
29.59270826085207,Petrol Car,5.276377321534865,Vegetarian,0,Oil,13.15
41.531824575115564,Diesel Car,2.3924371564436435,Mixed,0,Electric,16.11
12.326524371119504,Bicycle,5.290025431773424,Mixed,2,Electric,23.9
28.72320636720678,Diesel Car,5.813131858166001,Mixed,0,Electric,13.96
21.833420057383517,Train,6.457964850122156,Mixed,1,Oil,18.93
41.89802933217672,Train,6.479153080726418,Non-Vegetarian,0,None,9.6
11.917017146448485,Train,7.807845501473712,Non-Vegetarian,0,Oil,12.42
11.60278157819224,Electric Car,2.9206669614533602,Mixed,1,Oil,17.59
14.00607354555978,Electric Car,3.0274459400994123,Vegetarian,1,Electric,13.74
0.0,Petrol Car,7.05791587278504,Mixed,1,Oil,17.98
14.74244978319239,Train,1.922077445989168,Mixed,0,Gas,8.18
12.40867338446302,Bicycle,6.366600424209986,Vegetarian,0,Oil,7.48
21.503937864762076,Diesel Car,3.6394141208202124,Non-Vegetarian,0,Oil,15.79
23.417559757771595,Bus,9.145629281834363,Mixed,0,Oil,12.47
38.761708392158866,Bicycle,6.500904815455555,Mixed,0,Oil,9.51
29.504238381860503,Electric Car,5.5616879605738765,Non-Vegetarian,1,None,17.1
14.23096344337597,Electric Car,8.455441754278358,Non-Vegetarian,0,Oil,12.68
11.015853286516421,Bicycle,3.8731959868580983,Vegetarian,1,Gas,14.24
24.919191715065057,Electric Car,4.253180731824383,Non-Vegetarian,0,Gas,11.24
6.797667929793578,Train,3.477090332689782,Non-Vegetarian,1,Oil,19.48
38.31458765854354,Petrol Car,4.269921547302014,Non-Vegetarian,0,Electric,16.66
31.79440120721287,Diesel Car,6.122231218734775,Vegetarian,0,None,10.74
15.308243478952953,Petrol Car,6.987903743987441,Non-Vegetarian,0,Oil,14.69
2.868654709091224,Diesel Car,7.922843370735086,Non-Vegetarian,1,Oil,20.84
33.538723741654124,Diesel Car,2.350551906198522,Vegetarian,0,Oil,14.26
18.85460154747382,Petrol Car,5.656274027073416,Non-Vegetarian,0,Electric,13.09
32.378163119734616,Bicycle,3.7836709376183966,Non-Vegetarian,1,Electric,17.21
4.055723412056329,Diesel Car,5.589425817023798,Vegetarian,1,Electric,14.57
14.006249770462272,Petrol Car,10.66832716025408,Mixed,0,None,9.29
20.052436997181832,Diesel Car,6.58372352400003,Vegetarian,0,Gas,11.15
20.469805937647422,Bus,7.798929942296492,Non-Vegetarian,0,None,9.86
15.499345285207564,Bicycle,9.921382544322093,Non-Vegetarian,0,Electric,10.31
26.22849932347499,Train,8.254716486349515,Non-Vegetarian,0,Gas,12.23
9.323795706174057,Diesel Car,5.1041710406260306,Vegetarian,1,Gas,16.67
18.576205149787064,Bus,3.4483358268601236,Non-Vegetarian,1,Electric,18.99
21.20295631711899,Train,5.939711460958298,Non-Vegetarian,0,Electric,10.44
25.14438834058749,Train,4.864588431562629,Vegetarian,0,None,4.39
27.1161487808889,Diesel Car,2.9509574267616516,Mixed,1,Electric,21.26
8.753579081621307,Petrol Car,6.481849994578937,Mixed,0,Gas,10.26
4.658858292643778,Diesel Car,6.531772596118666,Non-Vegetarian,0,Oil,12.59
32.77676821898509,Bus,9.538233400526572,Vegetarian,0,Electric,9.5
23.323140119795916,Train,5.276473862326372,Non-Vegetarian,0,Electric,10.4
12.515134634434464,Diesel Car,6.560242777938898,Vegetarian,0,None,6.41
35.51151975522523,Petrol Car,4.669029170619569,Vegetarian,0,None,10.19
21.156746342928585,Diesel Car,7.746338861386931,Mixed,0,Electric,12.67
31.792971840638266,Bicycle,5.750764407619741,Mixed,1,Gas,16.67
20.67518481410109,Petrol Car,3.654816782294515,Vegetarian,0,Gas,9.99
40.60747924881987,Bus,5.973056356669684,Non-Vegetarian,0,Oil,15.45
37.55340842443204,Train,6.7810457951300025,Mixed,1,Electric,17.79
17.510358515209266,Diesel Car,6.510546774827126,Non-Vegetarian,0,None,11.54
29.715709509543554,Petrol Car,8.09179343099174,Mixed,0,Gas,14.83
26.453759495851475,Bicycle,3.103887255918621,Mixed,0,Oil,8.72
33.68631557532349,Petrol Car,4.3145148199701175,Non-Vegetarian,0,Electric,15.74
10.350765394198955,Electric Car,7.279574663591075,Mixed,1,Gas,17.55
26.86051459998439,Bicycle,4.549462044077857,Mixed,1,Electric,15.39
30.58424486849588,Bus,6.480942498660414,Non-Vegetarian,0,Electric,12.57
2.4126051357688567,Train,1.160509505176475,Mixed,0,Gas,7.39
8.16741487334225,Bus,11.431893144625764,Mixed,0,Gas,10.48
0.0,Diesel Car,5.460562936885328,Mixed,0,Gas,8.27
17.305931655554424,Petrol Car,8.387912519976556,Non-Vegetarian,1,Electric,21.75
27.17542255795962,Electric Car,5.326204348833018,Vegetarian,0,Electric,6.6
35.02357052096028,Bicycle,6.829397057461773,Non-Vegetarian,0,Oil,11.59
20.740947804197752,Bicycle,8.983839292690545,Vegetarian,0,None,4.09
36.286155455712915,Petrol Car,8.331612038416772,Mixed,0,Electric,15.2
6.198985417851086,Electric Car,5.591090040629551,Vegetarian,1,None,11.95
2.966175606448452,Petrol Car,5.729491349212615,Non-Vegetarian,1,Gas,19.26
19.444523011033812,Diesel Car,8.007133120366571,Non-Vegetarian,1,Electric,22.67
23.840654489393074,Bus,10.666488808570602,Mixed,0,Oil,12.87
19.67305251905907,Bicycle,6.384565348798082,Vegetarian,0,Oil,7.49
0.0,Diesel Car,9.914127281083282,Mixed,0,None,6.31
19.108799604872114,Bus,5.517171179159588,Mixed,0,Gas,10.2
6.955304994951469,Diesel Car,7.903920727019604,Non-Vegetarian,1,None,17.77
26.696725488300384,Electric Car,8.202311524494572,Vegetarian,0,Gas,8.25
23.665982460968483,Bicycle,5.180078992294453,Vegetarian,0,Oil,7.21
10.601202136726448,Petrol Car,4.505843841396716,Vegetarian,0,None,5.17
14.861330826633065,Petrol Car,8.290778377094705,Vegetarian,0,Oil,10.9
9.407864781110485,Bus,4.936886125513887,Mixed,1,Oil,18.42
19.37320902726828,Train,4.211300174649194,Mixed,2,Gas,25.62
29.551423205012384,Electric Car,4.632080996401806,Non-Vegetarian,0,None,8.56
10.142739536644562,Bus,4.928773323149176,Mixed,1,None,14.5
25.040465155178445,Train,7.713234209251355,Mixed,0,Oil,11.05
14.697423816275592,Diesel Car,7.030085346552376,Non-Vegetarian,1,Oil,23.35
12.071271677376558,Electric Car,7.4313164895157815,Non-Vegetarian,0,Gas,11.34
18.92969640045442,Diesel Car,6.842759622196165,Non-Vegetarian,0,Electric,13.95
9.64757677580626,Bicycle,4.812319675506722,Mixed,0,Electric,7.12
14.46350694652818,Electric Car,7.394205711816545,Mixed,1,Oil,18.78
8.021221074111516,Train,8.364907653210608,Non-Vegetarian,0,Electric,10.35
39.64725132916389,Bicycle,7.169006432238618,Non-Vegetarian,0,Electric,9.67
20.352635519717285,Petrol Car,6.899311813251701,Non-Vegetarian,0,Electric,13.68
13.002744920074143,Train,4.465890986858647,Mixed,1,Electric,16.02
22.13979910734222,Bus,6.423634157948956,Mixed,0,Oil,11.71
18.876719503091703,Petrol Car,4.359517341102597,Vegetarian,2,Electric,25.46
17.79030400466777,Petrol Car,5.951944283838792,Mixed,1,Electric,19.28
26.141667000434254,Bus,2.719466721549368,Mixed,0,Gas,10.25
27.575077100473052,Electric Car,2.7348831940158136,Mixed,0,Oil,10.02
14.694988523894725,Petrol Car,5.61790462010594,Non-Vegetarian,1,None,18.58
14.2418175935532,Train,4.903120656346021,Mixed,0,None,5.85
17.24948302848356,Bicycle,6.213574386948347,Non-Vegetarian,0,Gas,10.45
0.0,Petrol Car,5.730462841769762,Vegetarian,0,Gas,6.34
4.848089378014478,Train,6.06038157442031,Vegetarian,0,Oil,7.65
33.66874267444525,Diesel Car,7.217214884713481,Non-Vegetarian,1,None,23.76
36.449677135012834,Train,5.073462088678335,Non-Vegetarian,1,Electric,19.34
17.509639604436217,Bicycle,5.561112376710274,Non-Vegetarian,0,Gas,10.3
25.765569630557664,Train,8.910042445526328,Mixed,0,None,7.36
23.11250154543536,Bus,6.006168253650054,Vegetarian,0,Oil,9.71
50.78880808455238,Bicycle,5.641579050749223,Non-Vegetarian,0,Electric,9.31
31.195749114345766,Electric Car,6.165025398646379,Mixed,1,Oil,19.33
18.720824085192334,Diesel Car,5.677271253980939,Vegetarian,0,Gas,10.63
10.444595593995743,Bus,4.58085541409355,Mixed,0,None,6.11
3.9355367974242768,Electric Car,4.003940325640559,Vegetarian,3,None,28.13
22.03463635867223,Train,4.47313731969999,Mixed,0,None,6.14
12.436492547156966,Bicycle,7.745838373541574,Vegetarian,1,None,12.14
5.777462904023258,Diesel Car,4.740189490563175,Vegetarian,1,Electric,14.77
13.534271157574734,Bus,5.690150796327447,Mixed,0,Electric,8.68
9.18451996385605,Electric Car,7.401472570265795,Non-Vegetarian,2,Oil,28.85
36.871416350725646,Electric Car,5.443217658378043,Vegetarian,1,Electric,15.45
28.816397569494505,Diesel Car,7.266722629687305,Non-Vegetarian,0,Gas,17.32
19.920273586833826,Train,2.918413915138266,Mixed,0,Gas,8.68
34.79944138890026,Diesel Car,5.734966640916207,Non-Vegetarian,0,None,15.34
20.773683076476182,Electric Car,6.157792193197017,Non-Vegetarian,3,Gas,36.47
11.387157986717364,Petrol Car,6.046277446196336,Non-Vegetarian,1,Oil,22.02
35.23124077269657,Bus,2.694162604322232,Non-Vegetarian,1,Electric,20.48
25.389100436846586,Diesel Car,8.40622529286161,Non-Vegetarian,0,Electric,15.8
9.627538456735437,Electric Car,4.290654110057167,Vegetarian,1,Electric,13.81
18.096613219163917,Train,6.6700742505249355,Vegetarian,0,Gas,7.46
11.243817466152429,Electric Car,6.015928565294661,Vegetarian,0,Electric,5.96
6.1720026903566385,Train,8.007419047621354,Mixed,0,None,6.17
29.261775475316412,Diesel Car,10.374977658748413,Non-Vegetarian,0,None,15.15
39.094166404701305,Train,3.419271030914328,Vegetarian,0,None,4.75
6.0143242618085875,Bicycle,4.702172237455002,Mixed,0,Gas,8.1
25.629692366905708,Bicycle,6.378184987678104,Vegetarian,0,Electric,5.49
13.493574308781731,Bicycle,3.7892933648944167,Vegetarian,1,Gas,14.22
15.128746162353039,Petrol Car,7.56436521591152,Non-Vegetarian,2,Electric,29.45
14.076060757611309,Diesel Car,7.6867452443141175,Mixed,3,Oil,38.03
11.36009230320184,Electric Car,7.1188981519900745,Non-Vegetarian,0,Oil,12.23
20.48521627944827,Electric Car,6.473163501752395,Non-Vegetarian,1,Gas,19.87
11.690498835889622,Petrol Car,8.73941755593956,Vegetarian,1,None,14.71
22.70456825779839,Train,3.688749036662276,Non-Vegetarian,2,Gas,27.66
19.49761890550863,Petrol Car,6.130536390685107,Mixed,0,None,9.33
17.610519531335903,Train,4.522394262539557,Non-Vegetarian,0,Electric,9.93
10.92436337958402,Train,7.779832665130337,Non-Vegetarian,1,None,16.69
14.232286694316674,Bus,2.3333176709871344,Non-Vegetarian,1,None,16.3
27.55391225825756,Electric Car,5.943832268814041,Vegetarian,0,Electric,6.76
25.00917187624381,Bicycle,6.670477374139897,Mixed,0,Oil,9.55
10.224447552014489,Train,4.105015730052451,Vegetarian,0,Electric,5.47
20.993323054292258,Bus,4.747619935556867,Vegetarian,4,Gas,41.54
27.51387123371789,Electric Car,6.030757962744211,Vegetarian,0,Gas,7.78
3.305947188786284,Bicycle,7.910192758882952,Vegetarian,2,Gas,23.51
25.43360192379935,Train,3.9342615428258925,Vegetarian,0,Gas,7.19
13.373762410541534,Train,4.283100119250628,Mixed,0,Gas,8.67
25.70598668593159,Petrol Car,8.251175542080688,Non-Vegetarian,1,Oil,25.4
12.36740843457483,Petrol Car,5.45404920016033,Vegetarian,0,Oil,9.74
1.9511789933548087,Electric Car,4.444921920310045,Vegetarian,0,None,3.13
3.7245756211683734,Bicycle,7.457369594433832,Mixed,0,Gas,8.74
20.48084946661382,Train,5.023606005535506,Mixed,1,Electric,16.53
22.597225017214818,Electric Car,8.054843070677547,Non-Vegetarian,1,Gas,20.34
10.956833748955914,Electric Car,4.672559246040576,Mixed,1,Oil,17.97
26.38592458777374,Diesel Car,5.680810876350008,Non-Vegetarian,1,Gas,24.73
3.384799377310401,Petrol Car,7.889943330777463,Vegetarian,2,Oil,25.18
19.339202013526833,Bicycle,5.547478257652497,Vegetarian,0,None,3.29
7.889838002375434,Train,7.512106644157293,Non-Vegetarian,0,None,8.14
13.481638921978409,Electric Car,5.86890478643799,Mixed,0,None,6.04
20.47398671316414,Train,9.963383612800058,Non-Vegetarian,0,Oil,13.35
11.395866347160476,Diesel Car,9.137557208205697,Mixed,0,Gas,11.75
16.154444557701748,Bicycle,3.343807475132504,Vegetarian,0,Gas,5.78
30.062928092144404,Electric Car,7.044487362496019,Mixed,0,Electric,9.14
14.231081304768512,Train,4.367192027797916,Non-Vegetarian,0,Oil,11.73
28.356921120651418,Petrol Car,6.383013877585461,Non-Vegetarian,0,Electric,15.16
8.702931453423819,Diesel Car,6.136741258620522,Vegetarian,0,None,5.43
25.29804177915283,Bicycle,3.889225965815025,Mixed,0,Gas,7.91
34.415686206579004,Diesel Car,8.11696908706065,Mixed,0,Oil,17.81
0.0,Petrol Car,6.4066058871381495,Mixed,0,Electric,7.49
12.031047445295233,Bicycle,5.430633928654833,Vegetarian,1,Electric,13.6
25.7707212718054,Diesel Car,5.12378035151281,Mixed,0,Electric,13.12
17.969546139570074,Bus,6.279553939532471,Non-Vegetarian,0,Gas,12.26
23.711458733713087,Petrol Car,6.8158500350285705,Mixed,3,Gas,38.33
13.960148132841795,Petrol Car,5.750048427283468,Vegetarian,0,Gas,9.13
20.865897874729,Petrol Car,0.33496085844758294,Mixed,0,Oil,12.25
18.443227646079205,Bus,6.033781432484967,Mixed,0,Gas,10.25
31.677820616598073,Bus,3.117035876780445,Non-Vegetarian,2,Oil,30.56
22.54420843301213,Train,5.5810948687018485,Mixed,0,Electric,8.43
23.37602662075202,Electric Car,3.1908714858607166,Non-Vegetarian,1,Electric,18.25
15.881230338775326,Diesel Car,3.1670047298410653,Non-Vegetarian,0,None,10.39
15.123937759275066,Train,8.470243643897057,Vegetarian,0,Gas,7.73
15.674418121803791,Diesel Car,5.359816038111219,Non-Vegetarian,0,Electric,12.85
23.94452142378297,Electric Car,5.206675680356165,Non-Vegetarian,0,Gas,11.41
15.790155191797371,Bus,6.965048097657183,Vegetarian,1,Oil,17.54
22.89774856896413,Electric Car,5.258818953855096,Non-Vegetarian,0,Electric,10.37
40.75400798645439,Bus,10.20761218425482,Vegetarian,0,Gas,11.45
28.711247034316923,Electric Car,5.453960478547961,Mixed,0,Electric,8.71
16.73976467832159,Train,6.730250823966021,Vegetarian,2,Electric,23.07
32.012139221639444,Bicycle,7.941882662753722,Non-Vegetarian,2,Gas,27.52
15.919246269784486,Train,9.20450645121382,Vegetarian,1,Electric,15.27
0.0,Diesel Car,4.51598772868472,Non-Vegetarian,0,Electric,9.05
9.919136890825959,Train,5.16407299232271,Mixed,0,Electric,7.7
1.2920807897414441,Petrol Car,8.54918375058703,Vegetarian,1,Electric,14.58
16.484865159586914,Diesel Car,7.620124608105383,Mixed,0,Oil,13.57
20.184183791895517,Electric Car,8.150351871336916,Non-Vegetarian,2,Electric,27.57
36.76437312275283,Diesel Car,3.2625909128806634,Non-Vegetarian,0,None,15.22
23.269273737641626,Bicycle,9.095999507848038,Mixed,1,Electric,16.45
17.808994711911357,Bus,4.47718491343039,Vegetarian,1,Gas,16.16
28.29405581183489,Electric Car,6.384585956283792,Vegetarian,0,None,4.9
0.0,Diesel Car,5.703554244816459,Non-Vegetarian,1,Oil,19.66
22.35614558108566,Electric Car,4.24303432690386,Mixed,2,None,22.77
27.708651938869668,Electric Car,3.174928473157994,Mixed,1,None,14.46
5.214137542201584,Electric Car,2.5123037667342043,Vegetarian,0,None,2.85
31.43754043206929,Bus,6.238036812107949,Vegetarian,0,Gas,9.6
23.38496407494414,Train,2.9493618195330886,Vegetarian,1,Gas,15.19
15.847120860991987,Electric Car,3.7323688098262338,Mixed,0,Gas,8.66
26.32781866106285,Petrol Car,5.56392824360356,Vegetarian,0,Oil,12.56
42.70692857804396,Bicycle,0.7223829994802005,Vegetarian,2,Gas,21.83
21.818662550584953,Bus,7.557959424088002,Non-Vegetarian,1,Gas,21.28
22.48220586300336,Diesel Car,1.180223665786384,Vegetarian,0,None,7.45
15.406391004597559,Bus,5.845255217334454,Vegetarian,1,Gas,16.24
11.501556305352082,Diesel Car,6.0300384531885785,Mixed,1,Electric,18.38
28.303358165442454,Bus,7.076123440363618,Mixed,0,Gas,11.48
11.439161740911327,Diesel Car,5.916638395220213,Non-Vegetarian,1,Oil,22.34
20.715662372193925,Electric Car,10.035815927666476,Vegetarian,2,Oil,26.04
15.223425532348834,Train,6.432633763137002,Non-Vegetarian,0,Electric,10.26
24.789798257463918,Diesel Car,8.10722479848732,Mixed,0,Oil,15.59
23.336621052869482,Diesel Car,4.553074382259425,Non-Vegetarian,0,Oil,16.43
30.375399442578992,Petrol Car,6.241513612378935,Mixed,0,None,11.53
14.89983601145253,Diesel Car,9.095140190057853,Non-Vegetarian,0,Electric,13.55
17.301250647066286,Petrol Car,5.524609750620718,Non-Vegetarian,0,None,10.75
10.212362842176926,Bicycle,6.384469528390462,Vegetarian,0,None,3.49
15.557067399238884,Electric Car,7.961706898274951,Non-Vegetarian,2,Gas,28.3
23.773004930448522,Petrol Car,4.515540959616731,Vegetarian,0,Electric,9.81
27.569886166453518,Train,1.6768793333616134,Vegetarian,1,Gas,15.1
10.778346758223746,Electric Car,6.5111473074247375,Vegetarian,2,Gas,23.72
28.696059201056602,Petrol Car,7.977338338716005,Vegetarian,1,None,17.93
33.55637858804951,Electric Car,3.2971084702160574,Non-Vegetarian,2,Oil,29.11
24.134349032237008,Electric Car,7.340439794554677,Mixed,0,Electric,8.92
38.76795812558066,Electric Car,7.353932774679075,Mixed,0,Oil,11.65
12.262108008964269,Bicycle,1.4530074817693919,Mixed,1,None,12.67
7.55345296688583,Train,4.127422735186455,Non-Vegetarian,1,None,15.67
2.2127975109572127,Bus,5.2083424385366754,Vegetarian,0,None,3.43
34.96044311489183,Bus,5.640751999529526,Mixed,0,None,8.81
26.543656563540576,Petrol Car,4.513731470464032,Non-Vegetarian,1,None,20.69
19.44415329089545,Electric Car,4.405994392835636,Vegetarian,0,None,4.0
22.799686263198204,Petrol Car,9.342965782364185,Mixed,0,Oil,14.74
8.745109527016234,Bicycle,5.784881736282183,Vegetarian,0,Gas,6.35
44.45751979616826,Bicycle,4.609912679700521,Mixed,0,Oil,9.07
21.292211819752275,Diesel Car,5.9176610461749,Mixed,1,Electric,20.61
21.093947946048928,Bicycle,7.074181666122287,Mixed,0,Oil,9.65
27.25766623898692,Diesel Car,6.103252753422416,Vegetarian,2,None,26.36
24.810092317367133,Train,5.588544818344054,Non-Vegetarian,0,Oil,12.54
22.238840242791312,Petrol Car,4.699966662659094,Vegetarian,3,Gas,35.54
12.095255445546881,Train,4.675738309064802,Mixed,0,Electric,7.69
24.714683571359956,Bicycle,4.804383227029281,Vegetarian,1,Oil,15.45
38.82024496475034,Train,6.677629201621474,Non-Vegetarian,0,Gas,12.5
33.454200461549775,Train,4.011639815196426,Vegetarian,1,Oil,16.94
35.93186626639397,Train,6.786538446940444,Non-Vegetarian,0,Electric,11.38
14.887843235688148,Bicycle,8.82598951125366,Non-Vegetarian,1,Oil,20.39
10.103951797414192,Electric Car,6.6514147156264,Vegetarian,0,None,4.05
18.74213079900352,Train,5.260828942165726,Mixed,1,Oil,18.5
20.557249122886947,Diesel Car,3.4037462298907393,Non-Vegetarian,0,Gas,14.52
30.941915184709487,Bicycle,9.156213615823027,Vegetarian,1,Oil,16.47
3.0753537028518068,Train,3.6599646988021752,Non-Vegetarian,0,Gas,10.01
35.29550319460614,Electric Car,7.697124068951496,Mixed,2,Electric,26.22
18.419921014210107,Bicycle,7.277035721188971,Vegetarian,1,Oil,16.03
15.731189300525799,Bus,5.526462794071881,Vegetarian,1,Electric,15.19
9.878956247398325,Electric Car,5.474042392438644,Vegetarian,1,Electric,14.1
3.4514332813423074,Diesel Car,2.3285774519179587,Mixed,1,Oil,17.67
28.231705839619146,Train,6.660130001625243,Non-Vegetarian,0,Gas,11.96
20.733179671884038,Bus,7.239852664791609,Vegetarian,1,Electric,16.09
7.100391002589461,Bus,3.821839767704391,Non-Vegetarian,1,Electric,17.93
7.049212279363839,Bicycle,5.688357051341795,Non-Vegetarian,0,Oil,11.33
16.642153007098717,Bus,6.075723830017901,Mixed,2,Oil,27.75
36.69021525289393,Diesel Car,7.169145255899136,Vegetarian,2,Oil,32.78
17.40408648636395,Diesel Car,6.007606152246375,Non-Vegetarian,2,Oil,32.07
4.968570468818939,Petrol Car,2.7473612920768318,Vegetarian,1,Oil,15.97
17.542569359140558,Diesel Car,4.940124461075022,Vegetarian,0,None,7.19
17.272764302523296,Electric Car,6.449251570778039,Mixed,0,Oil,10.37
0.0,Bus,7.683056684079518,Vegetarian,0,Gas,6.79
19.457051334821877,Diesel Car,4.764726781211507,Vegetarian,2,Electric,26.25
17.69065469791322,Bicycle,10.375299749100039,Non-Vegetarian,1,Gas,19.75
26.962063648134183,Petrol Car,2.2110538623260707,Mixed,0,Gas,12.91
38.48956094945345,Bus,4.872599649884198,Vegetarian,1,None,15.32
31.265650295477574,Petrol Car,5.833932793014454,Non-Vegetarian,0,Oil,17.61
17.311113094451695,Bus,5.598501672894272,Mixed,0,Electric,9.04
8.934740912583298,Bicycle,3.5357153403703347,Mixed,0,Gas,7.82
45.733598032498605,Petrol Car,6.895723495503588,Non-Vegetarian,0,Oil,20.75
20.592184340144883,Train,6.7421881026278445,Non-Vegetarian,0,Oil,12.6
20.139292919129463,Electric Car,6.0959228919630934,Non-Vegetarian,0,None,8.43
19.758749128899968,Electric Car,6.663687726517031,Non-Vegetarian,0,None,8.54
21.980847607678548,Bus,5.152447177103938,Non-Vegetarian,0,None,9.4
18.556395880760576,Train,2.7652740997828644,Vegetarian,0,Electric,5.57
14.263379931197637,Petrol Car,4.566720259895511,Vegetarian,0,Gas,8.92
14.531410587596078,Train,6.314109162818882,Mixed,2,None,22.86
19.672467297840015,Train,6.325488829692792,Vegetarian,0,None,4.46
14.56575228866235,Petrol Car,6.0827581051716955,Vegetarian,0,None,6.33
12.871542173228356,Bicycle,7.097416535970063,Vegetarian,0,Gas,6.65
21.06430227691897,Train,4.837707909099967,Non-Vegetarian,0,Gas,11.18
17.450227825791448,Train,6.053362114221072,Mixed,0,None,6.28
35.039929885826886,Bicycle,7.144185556809843,Mixed,0,None,5.66
0.0,Train,5.830220362995293,Mixed,1,Oil,17.69
30.91506851922462,Train,3.5133521431878023,Mixed,0,None,6.36
32.46085192497629,Train,4.077023260688925,Vegetarian,1,Electric,14.91
0.0,Electric Car,7.661704648558733,Vegetarian,0,Electric,5.79
16.573124059196513,Diesel Car,8.784944325885146,Non-Vegetarian,0,None,11.86
16.285591340042085,Bicycle,8.350566215648097,Mixed,0,Gas,8.95
5.924883052821787,Train,6.46431189948407,Vegetarian,1,Oil,16.14
12.221833124091248,Electric Car,3.5937347959666144,Vegetarian,0,Gas,6.45
8.894241545341712,Bicycle,5.987296886454263,Non-Vegetarian,0,None,7.4
37.52270443423623,Bus,9.124510263900843,Non-Vegetarian,0,Electric,13.88
29.35678393147461,Bus,7.236976760912951,Non-Vegetarian,2,Oil,31.29
32.71555094994159,Train,5.585044954632255,Vegetarian,0,Gas,7.94
27.21672064043235,Electric Car,7.257250465682433,Vegetarian,0,Gas,8.05
8.709482287827708,Electric Car,3.4612095867687906,Non-Vegetarian,1,None,15.58
14.754797337202262,Bicycle,4.608657244303596,Mixed,0,Oil,9.07
24.89374561227918,Bicycle,3.8316172179553503,Non-Vegetarian,0,Electric,8.89
7.778721911080545,Electric Car,6.9391436366968655,Non-Vegetarian,0,None,8.01
27.12998430172388,Bicycle,7.428206999440185,Non-Vegetarian,0,Oil,11.73
17.59674601841865,Electric Car,5.692347945603267,Non-Vegetarian,0,Gas,11.21
16.251791924504026,Diesel Car,4.254140646520868,Vegetarian,0,None,6.73
27.109599682034915,Electric Car,5.960501812930746,Mixed,0,Gas,9.74
24.4426331148604,Bus,5.026840218652385,Non-Vegetarian,0,Gas,12.62
16.3903383418092,Bicycle,4.4076585906125105,Mixed,1,None,13.36
31.59329803364248,Electric Car,6.677987370618493,Mixed,0,None,7.14
9.189366724001026,Electric Car,4.484015554962653,Mixed,1,None,13.84
26.159356069442637,Bicycle,2.867300534071815,Non-Vegetarian,1,None,15.0
25.931012579683838,Diesel Car,3.3117710592736262,Vegetarian,0,None,8.74
16.904535606860097,Diesel Car,2.793479066368101,Non-Vegetarian,1,Gas,21.87
23.26133022242118,Bicycle,6.495023833152409,Mixed,0,Electric,7.51
7.48886423614697,Petrol Car,6.300810876352328,Mixed,0,Electric,8.97
29.240270192069012,Bicycle,6.201040189016324,Vegetarian,0,None,3.44
18.15097863557011,Bicycle,7.175463304959885,Non-Vegetarian,1,Gas,19.01
14.772769794809605,Diesel Car,8.383917712234233,Mixed,3,Electric,36.35
30.490092258368893,Diesel Car,4.815466938349769,Vegetarian,0,Electric,12.13
12.956563094572408,Bicycle,6.812954954476837,Mixed,0,Electric,7.59
5.915387036364404,Bicycle,2.8407689851882463,Vegetarian,0,Gas,5.66
4.433708264760963,Bicycle,8.7574194925267,Vegetarian,1,None,12.37
26.060099513456397,Diesel Car,3.510337523563686,Non-Vegetarian,0,None,12.81
7.19570647503717,Bicycle,4.579837761919125,Mixed,0,None,5.07
37.54794181984364,Bicycle,4.804580972533815,Non-Vegetarian,0,Oil,11.12
0.0,Train,2.9474580065555758,Mixed,0,Oil,8.69
36.96456368290038,Petrol Car,6.065151154817124,Non-Vegetarian,0,Oil,18.81
22.110174672026183,Bus,6.427807736402963,Mixed,1,Gas,19.04
19.032868881296075,Petrol Car,5.6211726580369,Non-Vegetarian,1,Electric,21.45
14.550809131910503,Train,2.9195047359378465,Vegetarian,0,Electric,5.41
23.99136114352071,Bus,9.966772469703423,Mixed,0,Gas,11.72
19.623652975751515,Bicycle,7.098461593003296,Mixed,0,Gas,8.65
31.033018820165214,Train,11.268444087299917,Vegetarian,0,None,6.18
21.142276486620396,Bicycle,4.389781520227415,Non-Vegetarian,0,None,7.02
21.503017614618777,Diesel Car,7.915764456353953,Mixed,0,Oil,14.79
16.36387787786144,Electric Car,7.558547774788327,Mixed,0,Oil,10.58
19.430543762789327,Train,5.4188497938052755,Non-Vegetarian,0,Gas,11.23
23.078017688920593,Diesel Car,8.822101802118448,Vegetarian,1,Oil,21.7
2.898316073433744,Train,5.189179984772443,Non-Vegetarian,0,Electric,9.35
6.51814577894287,Train,5.278217161150786,Non-Vegetarian,1,Gas,18.89
27.43264094022715,Diesel Car,0.0,Non-Vegetarian,1,Gas,23.64
21.70865438127942,Bus,6.818056107485274,Mixed,1,Electric,18.09
18.160166636473207,Petrol Car,3.348980176635187,Vegetarian,0,None,6.41
20.18433933065393,Bicycle,4.898557608608978,Vegetarian,0,None,3.14
23.47581705361671,Train,3.947560722509945,Non-Vegetarian,0,Electric,10.09
14.602403196906385,Bicycle,5.267536921363477,Mixed,0,Electric,7.23
12.216952745976872,Electric Car,6.887760460434872,Non-Vegetarian,0,Oil,12.22
21.958452550976816,Diesel Car,6.0222831260975145,Mixed,0,Gas,13.45
10.21627222384968,Bicycle,7.419282581011614,Mixed,0,Oil,9.73
24.08252755714472,Diesel Car,8.531259071171263,Mixed,2,Electric,30.19
2.9741639576215952,Bicycle,5.262408126644329,Mixed,0,Oil,9.23
30.291556373256437,Petrol Car,5.042865515967772,Vegetarian,1,Electric,19.57
24.725974824130432,Petrol Car,7.915455307324019,Mixed,0,Oil,14.79
22.560297343138757,Petrol Car,8.074094577479858,Mixed,0,Oil,14.39
29.82690983945514,Petrol Car,7.481181736206094,Non-Vegetarian,1,None,22.04
36.65474444462576,Petrol Car,4.095642386521301,Non-Vegetarian,0,Electric,16.29
30.143700650181305,Petrol Car,6.845310131003208,Vegetarian,0,Oil,13.62
1.591257686683548,Diesel Car,6.218941208094578,Non-Vegetarian,0,Gas,10.82
7.204230332642984,Train,8.105057882699327,Mixed,1,Oil,18.58
13.751814223043212,Bicycle,4.854255820924503,Non-Vegetarian,0,Oil,11.13
20.260910502108338,Petrol Car,2.666779417700168,Vegetarian,0,Gas,9.67
25.17659020469123,Diesel Car,7.380473600760545,Non-Vegetarian,0,Electric,15.51
12.742561868465344,Diesel Car,0.8832632334857955,Non-Vegetarian,0,None,9.14
21.867667644770783,Diesel Car,4.5369731922073395,Vegetarian,0,None,8.09
12.446170676466775,Train,3.953608977363411,Vegetarian,1,None,11.88
13.884821970080518,Bicycle,3.9401306581885063,Mixed,0,Gas,7.92
5.933389031517777,Train,4.501937058089808,Non-Vegetarian,1,Oil,19.68
10.767667538890958,Bus,8.43474713950326,Mixed,2,Electric,25.71
6.483153943836664,Diesel Car,7.641110838012746,Non-Vegetarian,0,Oil,13.27
10.241267470226672,Bus,5.49653863601499,Non-Vegetarian,0,None,8.3
30.536417966078396,Electric Car,8.2672469437181,Mixed,0,Oil,11.45
10.50601111168057,Petrol Car,3.875405689667252,Non-Vegetarian,0,Gas,12.0
46.32382064837391,Petrol Car,3.6034332285056836,Non-Vegetarian,2,Gas,35.77
24.933179008808892,Train,7.727193318493181,Non-Vegetarian,2,Electric,27.71
21.84836123694874,Bicycle,7.159286458645294,Vegetarian,0,Electric,5.67
11.416422198187865,Bus,5.079473196833353,Mixed,1,None,14.66
27.003098794089915,Bicycle,3.729078212603739,Vegetarian,0,Electric,4.87
14.243621737622261,Train,8.91946375007588,Mixed,0,Oil,10.79
21.220098146453616,Petrol Car,2.5597948981043634,Mixed,1,Gas,20.17
45.60084538268795,Bicycle,4.803148129312879,Non-Vegetarian,2,Gas,26.79
19.0394010027535,Bicycle,6.4571530550357945,Mixed,0,Gas,8.5
31.49273326285676,Petrol Car,9.604329616862891,Vegetarian,0,Electric,12.54
12.968235748741126,Bus,6.76620042414644,Vegetarian,1,Gas,16.21
19.650115095030383,Petrol Car,6.960609306026598,Vegetarian,1,Gas,18.89
37.7080063563551,Bicycle,4.8612325997037455,Mixed,0,Gas,8.13
13.730329422122326,Bus,7.136960450549196,Vegetarian,0,None,5.04
38.12448557996929,Bus,6.210618641758174,Mixed,1,None,17.59
27.077519354554752,Petrol Car,2.8230709191648837,Vegetarian,0,Electric,10.07
14.375332241057324,Bicycle,7.585869706986214,Vegetarian,0,Gas,6.77
26.32407739055521,Train,7.940786779693703,Mixed,0,Electric,9.17
29.725544496267297,Bicycle,7.606730097642325,Vegetarian,0,Gas,6.77
26.218099622171962,Diesel Car,6.066655851331604,Non-Vegetarian,0,Gas,16.44
4.297752801095436,Electric Car,4.087646233700705,Mixed,0,Gas,8.17
12.728628241751315,Train,1.381632537430269,Mixed,0,Electric,6.96
17.52481364448495,Bus,6.314107210802901,Mixed,1,Electric,17.56
19.255665708999537,Train,8.163884119481699,Non-Vegetarian,0,Gas,11.86
26.20672097550678,Bus,7.991064938166161,Mixed,1,Oil,20.82
21.77701000933254,Bus,7.632145686787696,Vegetarian,0,Electric,7.96
6.646556412898988,Train,5.8515780429012185,Vegetarian,2,None,20.36
23.801978510059634,Bus,8.174928348062995,Vegetarian,0,Electric,8.28
26.10585745283823,Bus,7.848323647711806,Mixed,0,Gas,11.44
25.597904479310397,Diesel Car,5.154732878556883,Vegetarian,1,Oil,21.42
30.807807255546216,Bicycle,7.353196033231694,Mixed,0,Gas,8.71
28.33922154548904,Bicycle,4.928081709181416,Vegetarian,1,None,11.48
24.591800792284367,Electric Car,7.080048463233844,Non-Vegetarian,1,Electric,19.21
19.29834288541353,Electric Car,3.401766711397866,Non-Vegetarian,1,Electric,18.09
3.390390664840087,Diesel Car,3.555576382654157,Non-Vegetarian,0,Gas,10.61
24.296182191325858,Electric Car,8.116414093887816,Non-Vegetarian,1,Gas,20.44
22.07687687163111,Train,7.87512024440953,Mixed,0,None,6.94
22.715788371953735,Petrol Car,7.267223081151663,Vegetarian,1,Oil,20.57
7.232514241796906,Petrol Car,6.17593764210566,Non-Vegetarian,0,None,8.89
9.189434595917376,Petrol Car,1.217451137951703,Mixed,0,Oil,10.12
30.531528533329038,Diesel Car,5.850248123587021,Non-Vegetarian,0,Electric,16.39
19.60444846143345,Diesel Car,6.908366334379676,Non-Vegetarian,0,Oil,16.12
26.815006973726245,Bus,4.930533504880817,Mixed,1,Oil,20.16
20.283183761304613,Petrol Car,4.575011614383525,Mixed,0,Electric,11.12
20.29756139495745,Train,8.888840776307383,Vegetarian,1,Electric,15.42
29.382838059759976,Electric Car,5.879422017216776,Vegetarian,0,Electric,6.84
14.839552717826262,Train,6.909590339284761,Non-Vegetarian,1,None,16.69
20.961207769409835,Electric Car,7.54826292323873,Non-Vegetarian,1,Electric,19.14
15.377247112949576,Petrol Car,3.9971258469898445,Vegetarian,1,Gas,17.34
15.655037725676845,Petrol Car,6.386414845428388,Vegetarian,0,Electric,8.62
16.908278765313607,Petrol Car,8.639288988954599,Mixed,0,Electric,11.39
22.22133771633713,Diesel Car,9.638446366599442,Vegetarian,1,Electric,19.69
15.212513783365226,Electric Car,6.079872794429381,Vegetarian,1,Oil,16.51
32.55756125573521,Diesel Car,5.52411290530585,Non-Vegetarian,0,None,14.78
11.053926977804961,Diesel Car,6.538048136275067,Vegetarian,0,Electric,8.07
18.13128355838641,Bicycle,6.487274094055042,Non-Vegetarian,1,None,15.84
15.60268941725825,Train,8.773516132262307,Vegetarian,0,Gas,7.82
34.46977884353733,Train,4.007216621665865,Mixed,1,Gas,17.99
21.965547765115748,Bus,5.440253827667957,Vegetarian,1,Electric,15.8
30.31844539468635,Diesel Car,3.765717346246979,Vegetarian,0,Gas,12.85
5.144396269630281,Electric Car,3.9758102284048458,Vegetarian,0,None,3.18
22.670502658692588,Bicycle,6.753148030278249,Non-Vegetarian,2,Oil,28.24
28.89630795623437,Bicycle,7.619715683274053,Mixed,0,Electric,7.78
20.822839892754242,Train,4.70121661251251,Vegetarian,0,Gas,7.14
30.654803750653514,Diesel Car,7.544189577950579,Non-Vegetarian,0,None,14.81
14.827115498996278,Bus,8.223157314263936,Mixed,1,None,15.73
34.0934744018558,Diesel Car,9.86941199686678,Non-Vegetarian,0,Gas,19.14
42.9889812361925,Petrol Car,6.139493697682098,Non-Vegetarian,0,None,16.03
16.37161439560341,Diesel Car,4.7204709451117335,Mixed,0,None,8.87
15.54497478599228,Petrol Car,3.9950561367882105,Vegetarian,0,Electric,8.04
34.53384477117701,Petrol Car,3.796413604160213,Non-Vegetarian,0,None,13.79
35.795721457307124,Bus,8.499561402807213,Non-Vegetarian,0,Gas,14.56
14.771399728467317,Electric Car,2.969809314088699,Vegetarian,0,Electric,5.43
15.798131829041427,Train,8.4354969713024,Vegetarian,0,Gas,7.76
17.182153911394927,Diesel Car,4.263117941495702,Mixed,0,Oil,12.95
6.555494889657229,Petrol Car,4.6295876042811885,Mixed,0,Gas,9.39
10.813480535158018,Diesel Car,5.696889089980041,Mixed,0,Gas,10.81
9.958592332479322,Electric Car,4.592690900866978,Vegetarian,0,Electric,5.57
12.322024348958715,Train,7.86395950991915,Non-Vegetarian,0,None,8.45
19.653151126132187,Electric Car,9.62668790396555,Non-Vegetarian,0,Gas,12.23
22.342147325365207,Train,4.685135684893725,Mixed,0,Electric,8.21
35.50500492814077,Bicycle,5.135524321670746,Vegetarian,2,Oil,23.86
10.01645959261209,Train,5.673358385432203,Non-Vegetarian,0,Electric,9.82
29.843223984765835,Bus,7.0821135269852755,Mixed,1,Electric,18.97
17.86011155774491,Electric Car,5.693031442088287,Non-Vegetarian,0,None,8.22
19.50536290347567,Petrol Car,8.774514822105191,Non-Vegetarian,0,Gas,14.95
26.748194921666038,Bicycle,8.293247833123855,Vegetarian,1,Oil,16.27
8.772779784377015,Bus,3.6290752928098,Vegetarian,0,Electric,5.72
23.824097461840505,Diesel Car,7.041936331149658,Non-Vegetarian,1,Gas,24.45
21.66452208213056,Electric Car,9.040678474619005,Mixed,0,Gas,10.19
24.924512640081492,Petrol Car,5.010438108466233,Vegetarian,0,Electric,10.15
22.891686439078182,Train,5.411470256412887,Non-Vegetarian,0,Gas,11.41
44.55300139910894,Petrol Car,4.94392600429409,Vegetarian,1,Electric,22.4
13.62260015748684,Diesel Car,4.985848768952989,Vegetarian,0,Electric,8.29
14.690030449981823,Bicycle,2.6630968961779042,Vegetarian,1,Electric,12.95
13.768594735752355,Bicycle,3.3433700970698985,Non-Vegetarian,1,Oil,19.11
14.445228808397452,Electric Car,6.15494743747446,Mixed,0,Electric,8.16
13.626128726934823,Bicycle,9.027195949305558,Mixed,1,None,14.44
31.890165311075517,Electric Car,4.773278374963434,Mixed,0,Gas,9.71
34.20504247989855,Electric Car,4.7144853941028835,Vegetarian,0,Oil,8.81
14.292537062505238,Electric Car,9.40304214084147,Non-Vegetarian,3,Gas,36.91
11.676444268957713,Train,3.7834850763680263,Vegetarian,0,Oil,7.47
24.71415556386404,Bus,2.677513674587156,Mixed,0,None,7.1
14.477769557190287,Electric Car,4.342969127725,Mixed,1,Oil,18.07
26.32931817755511,Electric Car,4.674431042411268,Non-Vegetarian,1,Oil,20.74
22.029230208513,Bus,2.5050938306098693,Vegetarian,3,Oil,33.79
4.842558850027681,Petrol Car,5.743916587450777,Mixed,0,Gas,9.31
35.47505201330061,Electric Car,7.896892699723071,Non-Vegetarian,0,Electric,11.61
37.95877673095522,Train,3.4280904525703475,Vegetarian,0,Gas,7.7
13.872113095156138,Bicycle,6.175156437907178,Vegetarian,0,Electric,5.44
16.12298440064016,Bicycle,6.791871351253546,Mixed,0,Gas,8.58
22.85865390724905,Diesel Car,5.8332314494514135,Mixed,0,None,10.62
23.34456789987025,Diesel Car,6.371385179482119,Vegetarian,1,None,17.19
26.585442726728303,Bicycle,6.394654525190422,Vegetarian,0,Oil,7.49
40.102045387663495,Bicycle,4.3745440861631355,Mixed,1,None,13.35
18.230527725059506,Train,8.997165144023736,Vegetarian,0,Oil,9.01
12.017027554615463,Bus,8.49551366815243,Mixed,0,Electric,9.18
6.206807719854728,Diesel Car,8.379822794482335,Vegetarian,1,None,13.71
12.69069960058081,Bus,8.027351481087727,Mixed,0,Electric,9.14
19.668730271262028,Train,2.850041061133952,Non-Vegetarian,1,Gas,18.98
37.94557863517788,Bicycle,7.852124755623932,Mixed,1,Electric,16.16
14.823887009638286,Electric Car,7.311202855099015,Mixed,1,Gas,17.78
22.237879516388986,Bus,2.9269527701124334,Non-Vegetarian,0,Electric,10.91
19.83577103927248,Bicycle,5.570179289699843,Vegetarian,0,Electric,5.3
31.88393273448084,Bicycle,6.553586898650576,Non-Vegetarian,0,None,7.53
45.26932425873622,Petrol Car,9.32863419624927,Mixed,0,Electric,17.23
14.691312270796793,Bus,7.4494477157885175,Vegetarian,0,None,5.2
15.10560557481778,Electric Car,4.270868545443397,Non-Vegetarian,2,None,24.42
30.44160877069072,Bus,9.390776916903926,Vegetarian,0,Oil,11.23
26.818914896263113,Bicycle,6.087559525427778,Vegetarian,0,Oil,7.42
38.46707325736034,Electric Car,5.4883177261938165,Non-Vegetarian,0,Gas,12.2
25.83928185325964,Train,5.345763606822375,Vegetarian,1,Electric,14.87
16.407079092129404,Petrol Car,2.7528895239537334,Non-Vegetarian,2,Gas,29.59
25.906548306923092,Bicycle,5.780460992367716,Mixed,1,Electric,15.68
31.08703580582908,Diesel Car,6.994970514611316,Vegetarian,0,Oil,14.78
28.20482181197364,Diesel Car,5.229233344949568,Mixed,0,Oil,15.71
25.072740311072977,Petrol Car,6.840904954495117,Mixed,0,Electric,12.61
30.66674689589154,Train,4.271217858171639,Vegetarian,0,Electric,6.53
31.692955904456728,Bicycle,5.71814417144476,Non-Vegetarian,0,Oil,11.33
33.82158991037527,Bus,6.633080653217264,Vegetarian,1,Oil,19.26
26.48709887589643,Petrol Car,6.379321754126842,Mixed,0,Gas,13.78
18.328819196831457,Train,2.7890698205619073,Mixed,0,Oil,9.57
21.467136864333227,Bus,5.1219880982575425,Non-Vegetarian,1,Electric,19.67
32.06508966508357,Diesel Car,9.354925860625212,Vegetarian,2,Gas,31.22
11.83064329012764,Diesel Car,5.015107851338964,Mixed,1,Electric,18.22
23.686733088729014,Bus,6.0316150882236785,Mixed,0,None,7.77
16.066611876726395,Petrol Car,5.826488498902111,Mixed,1,Gas,19.9
20.287448229348175,Diesel Car,9.136479517839302,Non-Vegetarian,0,Electric,14.79
32.78451862607299,Bicycle,8.58073624438934,Mixed,0,Oil,10.0
21.910990680199035,Electric Car,7.615061999637619,Mixed,0,None,6.87
20.464365481561487,Bus,4.053515373254933,Vegetarian,1,Electric,15.32
6.401438590200808,Bus,6.71836609838416,Vegetarian,1,Gas,15.54
27.46253566027221,Diesel Car,7.135883486150264,Mixed,1,Electric,22.31
26.454841811410752,Petrol Car,4.602790328807892,Mixed,0,None,10.36
41.6325472330546,Bicycle,4.258965788304622,Vegetarian,1,Gas,14.33
16.922217650469992,Petrol Car,9.41002829441406,Non-Vegetarian,0,None,11.58
22.191503276639388,Train,5.398393375566142,Non-Vegetarian,0,Electric,10.37
22.49383683710755,Train,9.229953637822296,Non-Vegetarian,1,Oil,21.61
35.77453279763475,Electric Car,7.994187510989068,Non-Vegetarian,1,Oil,21.98
19.04704467613048,Diesel Car,6.815753564750643,Non-Vegetarian,0,Electric,13.97
22.79021525770339,Diesel Car,6.905062872718969,Non-Vegetarian,1,Electric,23.18
26.078965097165394,Diesel Car,3.1991608793384647,Non-Vegetarian,2,Electric,31.41
21.86609123156358,Electric Car,6.413549559668833,Non-Vegetarian,0,Gas,11.59
15.535663854494718,Train,8.834040825963253,Vegetarian,0,None,4.84
21.940899928983075,Petrol Car,7.362679006371218,Non-Vegetarian,2,None,28.77
30.73631749859772,Electric Car,6.308673374128821,Non-Vegetarian,0,None,9.01
9.734847005889398,Electric Car,9.42387439163406,Non-Vegetarian,0,Electric,10.68
21.32969674146876,Petrol Car,5.629918554678392,Mixed,1,None,17.91
12.998791850608267,Diesel Car,4.760888649956631,Vegetarian,0,Electric,8.1
31.950466289248425,Bicycle,6.307663832156514,Vegetarian,0,Gas,6.47
4.768130952162252,Petrol Car,7.532934736223192,Vegetarian,1,Oil,17.04
14.410781527284117,Train,2.564411808383478,Non-Vegetarian,1,Electric,17.65
23.77211875064521,Bus,6.569737286980835,Non-Vegetarian,0,Electric,11.91
35.65524029234341,Bus,7.62069003107262,Mixed,2,Oil,30.01
19.34249738927012,Electric Car,5.460716749406278,Vegetarian,0,Oil,8.24
14.448004733068016,Bus,8.213929532605283,Non-Vegetarian,0,Gas,12.36
38.8115706944059,Bicycle,7.2823733248221405,Vegetarian,0,None,3.7
5.5198609958375595,Diesel Car,10.282766237022155,Mixed,1,Electric,18.0
0.0,Train,4.498794204837569,Mixed,0,None,5.05
24.400144500533322,Bicycle,7.6614197009921785,Mixed,0,Electric,7.79
14.979457756473888,Train,3.9653521844051904,Vegetarian,0,Gas,6.67
9.787671828692869,Train,2.769267097446548,Non-Vegetarian,0,Oil,11.13
27.083564472993533,Diesel Car,1.9289383143642542,Non-Vegetarian,0,Gas,15.68
22.43800713771199,Electric Car,7.076648044793853,Mixed,0,Oil,10.77
14.359213692632716,Bus,6.368495827888205,Non-Vegetarian,1,None,17.25
7.1969560132910555,Diesel Car,5.041897885276493,Mixed,0,None,6.83
28.724573282801448,Bicycle,2.452991332100774,Vegetarian,2,Gas,22.24
26.50201177958661,Electric Car,4.619226747722648,Mixed,0,Oil,10.4
19.00824136220617,Bicycle,6.008186015350913,Vegetarian,0,Gas,6.4
38.466369960476655,Electric Car,7.586338733586196,Mixed,0,Oil,11.69
9.299152336738475,Bicycle,5.966928499504749,Non-Vegetarian,0,Oil,11.39
4.744748290752611,Diesel Car,6.504120685410555,Non-Vegetarian,0,None,8.61
13.080919301187556,Electric Car,5.247735238051728,Mixed,1,None,14.21
19.544139836445023,Electric Car,9.498448405054308,Non-Vegetarian,0,Oil,13.19
22.433394493226917,Train,3.9635007113435443,Non-Vegetarian,0,Oil,12.05
17.587639421436702,Train,4.601523565429744,Non-Vegetarian,0,Oil,11.95
23.520553965142966,Petrol Car,5.015283852012974,Vegetarian,1,None,16.21
7.48460575809556,Bicycle,7.085408795953448,Non-Vegetarian,2,None,24.32
34.437646040732595,Train,3.922280420426239,Vegetarian,0,Electric,6.64
19.178488216074314,Petrol Car,6.2714371810959975,Mixed,2,Oil,29.96
31.172958315881274,Train,6.329820286853114,Non-Vegetarian,1,Electric,19.37
23.427253463777042,Bicycle,4.61128405853324,Non-Vegetarian,1,Oil,19.41
24.56753219153784,Electric Car,6.659958921913714,Non-Vegetarian,0,None,8.78
25.69767280232204,Bus,3.9843722025251376,Mixed,1,Electric,17.83
24.477085600173147,Bicycle,3.765851715076508,Vegetarian,0,Electric,4.88
26.42722759867544,Diesel Car,6.199211513042881,Vegetarian,0,Gas,12.52
33.29152530132431,Train,2.6804888290438744,Non-Vegetarian,2,Oil,28.96
21.965211697014702,Train,1.7103945948995243,Mixed,0,None,5.5
27.090037575885123,Electric Car,7.065666601593601,Mixed,1,Gas,18.33
19.102643057127732,Diesel Car,8.09793988518234,Mixed,0,Gas,13.28
34.40117215449473,Electric Car,5.066393762614942,Mixed,1,Oil,19.23
13.236076979407303,Diesel Car,4.663858695804459,Mixed,0,Gas,11.13
38.00940432910816,Bus,8.01107045194912,Vegetarian,0,Oil,11.67
19.598420493556567,Train,3.70892356400216,Vegetarian,0,Gas,6.84
5.692248978819519,Train,3.2732547505576832,Vegetarian,1,Oil,15.38
21.281044149107892,Bus,7.415272847416976,Non-Vegetarian,1,None,18.19
13.189483425251192,Petrol Car,6.0180763730246145,Mixed,0,Oil,12.04
28.40643548988724,Electric Car,8.129753478580476,Non-Vegetarian,0,Oil,13.31
13.473760206976092,Bus,1.7194682424440417,Mixed,1,Electric,16.08
15.538165667852203,Electric Car,3.198652017762874,Vegetarian,2,None,20.19
1.104592690544692,Bicycle,6.028664119688313,Non-Vegetarian,1,None,15.74
15.476936807509233,Train,6.835347396967573,Vegetarian,1,None,12.7
0.0,Electric Car,7.693994175378917,Mixed,0,Gas,8.79
4.160971765142767,Diesel Car,6.349635537617555,Mixed,1,Electric,16.77
27.604146561442974,Electric Car,6.329310310717138,Mixed,0,None,6.85
27.858001586508323,Bicycle,5.221196913939603,Vegetarian,2,Gas,22.88
24.254575617849646,Train,9.181809809809035,Mixed,1,Gas,18.69
10.33023856870787,Bus,3.7939530890590043,Vegetarian,0,Gas,6.92
19.5228864385802,Bicycle,6.718040305111877,Non-Vegetarian,0,Electric,9.57
19.963974609094315,Train,4.02438233082396,Mixed,0,Gas,8.94
8.416353108074572,Electric Car,7.069557091610019,Mixed,1,Electric,16.4
35.0339830176715,Petrol Car,3.9259648612244673,Mixed,0,Oil,15.92
28.773622905756714,Petrol Car,7.487631397000916,Non-Vegetarian,0,Gas,16.5
17.79035826170336,Diesel Car,6.224209893649034,Mixed,0,None,9.54
20.268858389945308,Train,9.489278346517363,Vegetarian,0,Gas,8.22
22.083828079475524,Petrol Car,5.437960705456828,Vegetarian,1,Oil,20.02
0.0,Bus,6.849932232495091,Mixed,2,Oil,26.26
17.528226174794032,Train,4.44068743907858,Mixed,1,Gas,17.24
13.180157520022014,Bus,5.424213987117411,Non-Vegetarian,0,Oil,12.58
9.983799901050844,Bus,6.211498958888706,Non-Vegetarian,0,Electric,10.45
17.188997071140452,Petrol Car,2.945560155057252,Non-Vegetarian,0,Electric,12.12
37.976865268495224,Train,3.164752131630456,Mixed,0,Gas,9.64
26.4084286126701,Electric Car,7.19971859967129,Non-Vegetarian,1,Electric,19.33
14.288210102172032,Bicycle,5.707826356936641,Non-Vegetarian,1,Electric,17.66
25.725827813561587,Petrol Car,4.814146933903956,Vegetarian,1,None,16.6
